{
  "evaluation_results": {
    "total_responses": 90,
    "unevaluated_responses": 45,
    "evaluations_created": 45,
    "errors": []
  },
  "summary": {
    "total_evaluations": 90,
    "total_responses": 90,
    "evaluation_coverage": 1.0,
    "model_statistics": {
      "gemini-1.5-flash-8b": {
        "total_evaluations": 90,
        "criteria_scores": {
          "creativity": {
            "average": 3.411111111111111,
            "count": 90,
            "scores": [
              4.0,
              3.0,
              3.0,
              4.0,
              3.0,
              2.0,
              4.0,
              3.0,
              3.0,
              3.0,
              2.0,
              2.0,
              4.0,
              2.0,
              2.0,
              3.0,
              2.0,
              2.0,
              4.0,
              3.0,
              2.0,
              4.0,
              2.0,
              2.0,
              3.0,
              2.0,
              1.0,
              3.0,
              2.0,
              2.0,
              3.0,
              2.0,
              2.0,
              3.0,
              2.0,
              2.0,
              4.0,
              3.0,
              4.0,
              4.0,
              3.0,
              3.0,
              4.0,
              3.0,
              3.0,
              4.0,
              4.0,
              4.0,
              4.0,
              4.0,
              4.0,
              4.0,
              4.0,
              5.0,
              4.0,
              4.0,
              4.0,
              4.0,
              4.0,
              4.0,
              4.0,
              4.0,
              4.0,
              4.0,
              4.0,
              4.0,
              4.0,
              4.0,
              4.0,
              4.0,
              4.0,
              4.0,
              4.0,
              4.0,
              4.0,
              4.0,
              4.0,
              4.0,
              4.0,
              4.0,
              3.0,
              4.0,
              4.0,
              4.0,
              4.0,
              5.0,
              4.0,
              4.0,
              4.0,
              4.0
            ]
          },
          "coherence": {
            "average": 3.522222222222222,
            "count": 90,
            "scores": [
              4.0,
              2.0,
              3.0,
              4.0,
              3.0,
              2.0,
              4.0,
              3.0,
              4.0,
              4.0,
              1.0,
              1.0,
              4.0,
              1.0,
              1.0,
              4.0,
              1.0,
              1.0,
              4.0,
              2.0,
              1.0,
              4.0,
              2.0,
              1.0,
              4.0,
              2.0,
              1.0,
              4.0,
              1.0,
              1.0,
              4.0,
              1.0,
              1.0,
              4.0,
              1.0,
              1.0,
              4.0,
              3.0,
              4.0,
              4.0,
              2.0,
              3.0,
              4.0,
              2.0,
              2.0,
              5.0,
              5.0,
              4.0,
              4.0,
              5.0,
              4.0,
              4.0,
              5.0,
              4.0,
              4.0,
              5.0,
              4.0,
              4.0,
              5.0,
              5.0,
              4.0,
              5.0,
              4.0,
              4.0,
              5.0,
              4.0,
              5.0,
              5.0,
              5.0,
              5.0,
              5.0,
              4.0,
              5.0,
              5.0,
              4.0,
              4.0,
              5.0,
              5.0,
              4.0,
              5.0,
              4.0,
              4.0,
              5.0,
              4.0,
              4.0,
              5.0,
              4.0,
              5.0,
              4.0,
              5.0
            ]
          },
          "character_depth": {
            "average": 2.9012345679012346,
            "count": 81,
            "scores": [
              3.0,
              3.0,
              3.0,
              3.0,
              3.0,
              2.0,
              3.0,
              3.0,
              3.0,
              3.0,
              1.0,
              1.0,
              4.0,
              2.0,
              1.0,
              3.0,
              2.0,
              1.0,
              2.0,
              3.0,
              2.0,
              2.0,
              2.0,
              3.0,
              3.0,
              2.0,
              1.0,
              2.0,
              3.0,
              2.0,
              2.0,
              3.0,
              2.0,
              3.0,
              3.0,
              3.0,
              2.0,
              3.0,
              3.0,
              3.0,
              3.0,
              3.0,
              3.0,
              3.0,
              3.0,
              3.0,
              3.0,
              4.0,
              4.0,
              4.0,
              3.0,
              4.0,
              4.0,
              4.0,
              4.0,
              4.0,
              4.0,
              4.0,
              4.0,
              3.0,
              3.0,
              3.0,
              3.0,
              3.0,
              3.0,
              3.0,
              3.0,
              3.0,
              3.0,
              3.0,
              3.0,
              3.0,
              3.0,
              3.0,
              4.0,
              3.0,
              4.0,
              4.0,
              3.0,
              3.0,
              3.0
            ]
          },
          "visual_imagination": {
            "average": 3.8117647058823527,
            "count": 85,
            "scores": [
              4.0,
              3.0,
              4.0,
              4.0,
              4.0,
              4.0,
              4.0,
              3.0,
              2.0,
              3.0,
              3.0,
              3.0,
              3.0,
              3.0,
              3.0,
              4.0,
              4.0,
              3.0,
              3.0,
              4.0,
              3.0,
              3.0,
              4.0,
              3.0,
              2.0,
              3.0,
              3.0,
              3.0,
              3.0,
              2.0,
              3.0,
              3.0,
              2.0,
              3.0,
              4.0,
              5.0,
              3.0,
              3.0,
              4.0,
              3.0,
              5.0,
              5.0,
              5.0,
              3.0,
              5.0,
              5.0,
              4.0,
              5.0,
              5.0,
              4.0,
              5.0,
              3.0,
              4.0,
              5.0,
              3.0,
              4.0,
              5.0,
              4.0,
              4.0,
              5.0,
              4.0,
              4.0,
              5.0,
              4.0,
              4.0,
              5.0,
              4.0,
              4.0,
              5.0,
              4.0,
              4.0,
              5.0,
              4.0,
              4.0,
              5.0,
              4.0,
              4.0,
              5.0,
              4.0,
              3.0,
              5.0,
              3.0,
              5.0,
              3.0,
              5.0
            ]
          },
          "conceptual_depth": {
            "average": 3.2555555555555555,
            "count": 90,